full name, name, real name, ma, param, accuracy, cpu, gpu
tree-2, 2, msrc-cifar-nin-4pad-tree2-convonly, 147580298, 487754, 0.9185, 31.357578125, 0.540621094
tree-4, 4, msrc-cifar-nin-4pad-tree4-convonly, 115434890, 331082, 0.9147, 29.06265625, 0.535409375 
tree-8, 8, msrc-cifar-nin-4pad-tree8-convonly, 99362186, 252746, 0.9171, 25.7403125, 0.499760156
tree-16, 16, msrc-cifar-nin-4pad-tree16-convonly, 91325834, 213578, 0.9168, 20.58984375, 0.512360937
